super_edge,edge
offshore,acorn_UK-bifrost_DK
offshore,acorn_UK-luna_NO
offshore,acorn_UK-northern_endurance_UK
offshore,acorn_UK-orion_UK
offshore,acorn_UK-trudvang_NO
offshore,aramis_NL-bifrost_DK
offshore,aramis_NL-greensand_DK
offshore,aramis_NL-l10_area_NL
offshore,aramis_NL-porthos_NL
offshore,aramis_NL-rotterdam_NL
offshore,aramis_NL-wilhelmshaven_DE
offshore,bifrost_DK-acorn_UK
offshore,bifrost_DK-aramis_NL
offshore,bifrost_DK-greensand_DK
offshore,bifrost_DK-havstjerne_NO
offshore,bifrost_DK-l10_area_NL
offshore,bifrost_DK-northern_endurance_UK
offshore,bifrost_DK-trudvang_NO
CH,cement_174_CH-chemical_11_CH
CH,cement_174_CH-waste_206_CH
CH,cement_174_CH-waste_223_CH
CH,cement_174_CH-waste_227_CH
CH,cement_175_CH-cement_177_CH
CH,cement_175_CH-chemical_16_CH
CH,cement_175_CH-trullikon_CH
CH,cement_175_CH-waste_290_CH
CH,cement_176_CH-energy_344_CH
CH,cement_176_CH-waste_278_CH
CH,cement_176_CH-waste_280_CH
CH,cement_176_CH-waste_362_CH
CH,cement_177_CH-cement_175_CH
CH,cement_177_CH-chemical_16_CH
CH,cement_177_CH-energy_382_CH
CH,cement_177_CH-waste_110_CH
CH,cement_177_CH-waste_290_CH
CH,cement_177_CH-waste_417_CH
CH,cement_179_CH-chemical_11_CH
CH,cement_179_CH-waste_110_CH
CH,cement_179_CH-waste_274_CH
CH,cement_179_CH-waste_410_CH
CH,chemical_11_CH-cement_174_CH
CH,chemical_11_CH-cement_179_CH
CH,chemical_11_CH-waste_223_CH
CH,chemical_11_CH-waste_274_CH
CH,chemical_11_CH-waste_410_CH
CH,chemical_16_CH-cement_175_CH
CH,chemical_16_CH-cement_177_CH
CH,chemical_16_CH-trullikon_CH
CH,chemical_16_CH-waste_110_CH
CH,chemical_16_CH-waste_274_CH
CH,chemical_268_CH-energy_382_CH
CH,chemical_268_CH-waste_230_CH
CH,chemical_268_CH-waste_362_CH
CH,chemical_268_CH-waste_367_CH
CH,chemical_268_CH-waste_417_CH
DE,dortmund_DE-duisburg_DE
DE,dortmund_DE-emmerich_DE
DE,dortmund_DE-koeln_DE
DE,dortmund_DE-wilhelmshaven_DE
DE,duisburg_DE-dortmund_DE
DE,duisburg_DE-emmerich_DE
DE,duisburg_DE-koeln_DE
DE,duisburg_DE-rotterdam_NL
DE,emmerich_DE-dortmund_DE
DE,emmerich_DE-duisburg_DE
DE,emmerich_DE-rotterdam_NL
DE,emmerich_DE-wilhelmshaven_DE
CH,energy_344_CH-cement_176_CH
CH,energy_344_CH-waste_278_CH
CH,energy_344_CH-waste_362_CH
CH,energy_344_CH-waste_417_CH
CH,energy_382_CH-cement_177_CH
CH,energy_382_CH-chemical_268_CH
CH,energy_382_CH-waste_110_CH
CH,energy_382_CH-waste_367_CH
CH,energy_382_CH-waste_410_CH
CH,energy_382_CH-waste_417_CH
DE,gernsheim_DE-karlsruhe_DE
DE,gernsheim_DE-koblenz_DE
offshore,greensand_DK-aramis_NL
offshore,greensand_DK-bifrost_DK
offshore,greensand_DK-havstjerne_NO
offshore,greensand_DK-norne_DK
offshore,greensand_DK-poseidon_NO
offshore,greensand_DK-wilhelmshaven_DE
offshore,havstjerne_NO-bifrost_DK
offshore,havstjerne_NO-greensand_DK
offshore,havstjerne_NO-luna_NO
offshore,havstjerne_NO-northern_lights_NO
offshore,havstjerne_NO-poseidon_NO
offshore,havstjerne_NO-trudvang_NO
offshore,hewett_UK-orion_UK
offshore,hewett_UK-porthos_NL
offshore,hewett_UK-poseidon_UK
offshore,hewett_UK-viking_UK
DE,karlsruhe_DE-gernsheim_DE
DE,karlsruhe_DE-kehl_DE
DE,kehl_DE-karlsruhe_DE
DE,kehl_DE-waste_274_CH
DE,koblenz_DE-gernsheim_DE
DE,koblenz_DE-koeln_DE
DE,koeln_DE-dortmund_DE
DE,koeln_DE-duisburg_DE
DE,koeln_DE-koblenz_DE
DE,koeln_DE-rotterdam_NL
DE,koeln_DE-zeebrugge_BE
offshore,l10_area_NL-aramis_NL
offshore,l10_area_NL-bifrost_DK
offshore,l10_area_NL-northern_endurance_UK
offshore,l10_area_NL-porthos_NL
offshore,l10_area_NL-viking_UK
offshore,luna_NO-acorn_UK
offshore,luna_NO-havstjerne_NO
offshore,luna_NO-northern_lights_NO
offshore,luna_NO-smeaheia_NO
offshore,luna_NO-trudvang_NO
offshore,norne_DK-greensand_DK
offshore,norne_DK-poseidon_NO
offshore,norne_DK-ruby_DK
offshore,norne_DK-stenlille_DK
offshore,norne_DK-wilhelmshaven_DE
offshore,northern_endurance_UK-acorn_UK
offshore,northern_endurance_UK-bifrost_DK
offshore,northern_endurance_UK-l10_area_NL
offshore,northern_endurance_UK-orion_UK
offshore,northern_endurance_UK-viking_UK
offshore,northern_lights_NO-havstjerne_NO
offshore,northern_lights_NO-luna_NO
offshore,northern_lights_NO-poseidon_NO
offshore,northern_lights_NO-smeaheia_NO
offshore,orion_UK-acorn_UK
offshore,orion_UK-hewett_UK
offshore,orion_UK-northern_endurance_UK
offshore,orion_UK-poseidon_UK
offshore,orion_UK-viking_UK
offshore,porthos_NL-aramis_NL
offshore,porthos_NL-hewett_UK
offshore,porthos_NL-l10_area_NL
offshore,porthos_NL-poseidon_UK
offshore,porthos_NL-rotterdam_NL
offshore,porthos_NL-viking_UK
offshore,porthos_NL-zeebrugge_BE
offshore,poseidon_NO-greensand_DK
offshore,poseidon_NO-havstjerne_NO
offshore,poseidon_NO-norne_DK
offshore,poseidon_NO-northern_lights_NO
offshore,poseidon_UK-hewett_UK
offshore,poseidon_UK-orion_UK
offshore,poseidon_UK-porthos_NL
offshore,poseidon_UK-zeebrugge_BE
offshore,rotterdam_NL-acorn_UK
offshore,rotterdam_NL-aramis_NL
offshore,rotterdam_NL-bifrost_DK
offshore,rotterdam_NL-coda_terminal_IS
DE,rotterdam_NL-duisburg_DE
DE,rotterdam_NL-emmerich_DE
offshore,rotterdam_NL-greensand_DK
offshore,rotterdam_NL-havstjerne_NO
offshore,rotterdam_NL-hewett_UK
DE,rotterdam_NL-koeln_DE
offshore,rotterdam_NL-l10_area_NL
offshore,rotterdam_NL-luna_NO
offshore,rotterdam_NL-norne_DK
offshore,rotterdam_NL-northern_endurance_UK
offshore,rotterdam_NL-northern_lights_NO
offshore,rotterdam_NL-orion_UK
offshore,rotterdam_NL-porthos_NL
offshore,rotterdam_NL-poseidon_NO
offshore,rotterdam_NL-poseidon_UK
offshore,rotterdam_NL-ruby_DK
offshore,rotterdam_NL-smeaheia_NO
offshore,rotterdam_NL-stenlille_DK
offshore,rotterdam_NL-trudvang_NO
offshore,rotterdam_NL-viking_UK
offshore,rotterdam_NL-wilhelmshaven_DE
offshore,rotterdam_NL-zeebrugge_BE
offshore,ruby_DK-norne_DK
offshore,ruby_DK-stenlille_DK
offshore,ruby_DK-wilhelmshaven_DE
offshore,smeaheia_NO-luna_NO
offshore,smeaheia_NO-northern_lights_NO
offshore,stenlille_DK-norne_DK
offshore,stenlille_DK-ruby_DK
offshore,trudvang_NO-acorn_UK
offshore,trudvang_NO-bifrost_DK
offshore,trudvang_NO-havstjerne_NO
offshore,trudvang_NO-luna_NO
CH,trullikon_CH-cement_175_CH
CH,trullikon_CH-chemical_16_CH
CH,trullikon_CH-waste_274_CH
CH,trullikon_CH-waste_283_CH
CH,trullikon_CH-waste_286_CH
CH,trullikon_CH-waste_287_CH
CH,trullikon_CH-waste_290_CH
offshore,viking_UK-hewett_UK
offshore,viking_UK-l10_area_NL
offshore,viking_UK-northern_endurance_UK
offshore,viking_UK-orion_UK
offshore,viking_UK-porthos_NL
CH,waste_110_CH-cement_177_CH
CH,waste_110_CH-cement_179_CH
CH,waste_110_CH-chemical_16_CH
CH,waste_110_CH-energy_382_CH
CH,waste_110_CH-waste_274_CH
CH,waste_110_CH-waste_410_CH
CH,waste_206_CH-cement_174_CH
CH,waste_206_CH-waste_227_CH
CH,waste_206_CH-waste_230_CH
CH,waste_223_CH-cement_174_CH
CH,waste_223_CH-chemical_11_CH
CH,waste_223_CH-waste_227_CH
CH,waste_223_CH-waste_230_CH
CH,waste_223_CH-waste_367_CH
CH,waste_223_CH-waste_410_CH
CH,waste_227_CH-cement_174_CH
CH,waste_227_CH-waste_206_CH
CH,waste_227_CH-waste_223_CH
CH,waste_227_CH-waste_230_CH
CH,waste_230_CH-chemical_268_CH
CH,waste_230_CH-waste_206_CH
CH,waste_230_CH-waste_223_CH
CH,waste_230_CH-waste_227_CH
CH,waste_230_CH-waste_367_CH
CH,waste_274_CH-cement_179_CH
CH,waste_274_CH-chemical_11_CH
CH,waste_274_CH-chemical_16_CH
CH,waste_274_CH-kehl_DE
CH,waste_274_CH-trullikon_CH
CH,waste_274_CH-waste_110_CH
CH,waste_278_CH-cement_176_CH
CH,waste_278_CH-energy_344_CH
CH,waste_278_CH-waste_280_CH
CH,waste_278_CH-waste_282_CH
CH,waste_278_CH-waste_289_CH
CH,waste_278_CH-waste_417_CH
CH,waste_280_CH-cement_176_CH
CH,waste_280_CH-waste_278_CH
CH,waste_280_CH-waste_282_CH
CH,waste_280_CH-waste_283_CH
CH,waste_282_CH-waste_278_CH
CH,waste_282_CH-waste_280_CH
CH,waste_282_CH-waste_283_CH
CH,waste_282_CH-waste_287_CH
CH,waste_282_CH-waste_289_CH
CH,waste_283_CH-trullikon_CH
CH,waste_283_CH-waste_280_CH
CH,waste_283_CH-waste_282_CH
CH,waste_283_CH-waste_287_CH
CH,waste_286_CH-trullikon_CH
CH,waste_286_CH-waste_287_CH
CH,waste_286_CH-waste_289_CH
CH,waste_286_CH-waste_290_CH
CH,waste_286_CH-waste_417_CH
CH,waste_287_CH-trullikon_CH
CH,waste_287_CH-waste_282_CH
CH,waste_287_CH-waste_283_CH
CH,waste_287_CH-waste_286_CH
CH,waste_287_CH-waste_289_CH
CH,waste_289_CH-waste_278_CH
CH,waste_289_CH-waste_282_CH
CH,waste_289_CH-waste_286_CH
CH,waste_289_CH-waste_287_CH
CH,waste_289_CH-waste_417_CH
CH,waste_290_CH-cement_175_CH
CH,waste_290_CH-cement_177_CH
CH,waste_290_CH-trullikon_CH
CH,waste_290_CH-waste_286_CH
CH,waste_290_CH-waste_417_CH
CH,waste_362_CH-cement_176_CH
CH,waste_362_CH-chemical_268_CH
CH,waste_362_CH-energy_344_CH
CH,waste_367_CH-chemical_268_CH
CH,waste_367_CH-energy_382_CH
CH,waste_367_CH-waste_223_CH
CH,waste_367_CH-waste_230_CH
CH,waste_367_CH-waste_410_CH
CH,waste_410_CH-cement_179_CH
CH,waste_410_CH-chemical_11_CH
CH,waste_410_CH-energy_382_CH
CH,waste_410_CH-waste_110_CH
CH,waste_410_CH-waste_223_CH
CH,waste_410_CH-waste_367_CH
CH,waste_417_CH-cement_177_CH
CH,waste_417_CH-chemical_268_CH
CH,waste_417_CH-energy_344_CH
CH,waste_417_CH-energy_382_CH
CH,waste_417_CH-waste_278_CH
CH,waste_417_CH-waste_286_CH
CH,waste_417_CH-waste_289_CH
CH,waste_417_CH-waste_290_CH
offshore,wilhelmshaven_DE-acorn_UK
offshore,wilhelmshaven_DE-aramis_NL
offshore,wilhelmshaven_DE-bifrost_DK
offshore,wilhelmshaven_DE-coda_terminal_IS
DE,wilhelmshaven_DE-dortmund_DE
DE,wilhelmshaven_DE-emmerich_DE
offshore,wilhelmshaven_DE-greensand_DK
offshore,wilhelmshaven_DE-havstjerne_NO
offshore,wilhelmshaven_DE-hewett_UK
offshore,wilhelmshaven_DE-l10_area_NL
offshore,wilhelmshaven_DE-luna_NO
offshore,wilhelmshaven_DE-norne_DK
offshore,wilhelmshaven_DE-northern_endurance_UK
offshore,wilhelmshaven_DE-northern_lights_NO
offshore,wilhelmshaven_DE-orion_UK
offshore,wilhelmshaven_DE-porthos_NL
offshore,wilhelmshaven_DE-poseidon_NO
offshore,wilhelmshaven_DE-poseidon_UK
offshore,wilhelmshaven_DE-rotterdam_NL
offshore,wilhelmshaven_DE-ruby_DK
offshore,wilhelmshaven_DE-smeaheia_NO
offshore,wilhelmshaven_DE-stenlille_DK
offshore,wilhelmshaven_DE-trudvang_NO
offshore,wilhelmshaven_DE-viking_UK
DE,wilhelmshaven_DE-zeebrugge_BE
offshore,zeebrugge_BE-acorn_UK
offshore,zeebrugge_BE-aramis_NL
offshore,zeebrugge_BE-bifrost_DK
offshore,zeebrugge_BE-coda_terminal_IS
offshore,zeebrugge_BE-greensand_DK
offshore,zeebrugge_BE-havstjerne_NO
offshore,zeebrugge_BE-hewett_UK
DE,zeebrugge_BE-koeln_DE
offshore,zeebrugge_BE-l10_area_NL
offshore,zeebrugge_BE-luna_NO
offshore,zeebrugge_BE-norne_DK
offshore,zeebrugge_BE-northern_endurance_UK
offshore,zeebrugge_BE-northern_lights_NO
offshore,zeebrugge_BE-orion_UK
offshore,zeebrugge_BE-porthos_NL
offshore,zeebrugge_BE-poseidon_NO
offshore,zeebrugge_BE-poseidon_UK
offshore,zeebrugge_BE-rotterdam_NL
offshore,zeebrugge_BE-ruby_DK
offshore,zeebrugge_BE-smeaheia_NO
offshore,zeebrugge_BE-stenlille_DK
offshore,zeebrugge_BE-trudvang_NO
offshore,zeebrugge_BE-viking_UK
DE,zeebrugge_BE-wilhelmshaven_DE
