year,acorn_UK,aramis_NL,bifrost_DK,bockovac_HR,coda_terminal_IS,galata_BG,greensand_DK,havstjerne_NO,hewett_UK,hynet_UK,l10_area_NL,luna_NO,norne_DK,northern_endurance_UK,northern_lights_NO,orion_UK,polaris_NO,porthos_NL,poseidon_NO,prinos_GR,pycasso_FR,ravenna_hub_IT,ruby_DK,smeaheia_NO,spirit_morecambe_UK,stenlille_DK,trudvang_NO,viking_UK,poseidon_UK,trullikon_CH
2020,0.0,0.0,0.0,0.0,0.0,0.0,0.0,0.0,0.0,0.0,0.0,0.0,0.0,0.0,0.0,0.0,0.0,0.0,0.0,0.0,0.0,0.0,0.0,0.0,0.0,0.0,0.0,0.0,0.0,0.0
2021,0.0,0.0,0.0,0.0,0.0,0.0,0.0,0.0,0.0,0.0,0.0,0.0,0.0,0.0,0.0,0.0,0.0,0.0,0.0,0.0,0.0,0.0,0.0,0.0,0.0,0.0,0.0,0.0,0.0,0.0
2022,0.0,0.0,0.0,0.0,0.0,0.0,0.0,0.0,0.0,0.0,0.0,0.0,0.0,0.0,0.0,0.0,0.0,0.0,0.0,0.0,0.0,0.0,0.0,0.0,0.0,0.0,0.0,0.0,0.0,0.0
2023,0.0,0.0,0.0,0.0,0.0,0.0,0.0,0.0,0.0,0.0,0.0,0.0,0.0,0.0,0.0,0.0,0.0,0.0,0.0,0.0,0.0,0.0,0.0,0.0,0.0,0.0,0.0,0.0,0.0,0.0
2024,0.0,0.0,0.0,0.0,0.0,0.0,0.0,0.0,0.0,0.0,0.0,0.0,0.0,0.0,0.0,0.0,0.0,0.0,0.0,0.0,0.0,0.0,0.0,0.0,0.0,0.0,0.0,0.0,0.0,0.0
2025,0.0,0.0,0.0,0.0,0.0,0.0,0.07500000000000001,0.0,0.0,0.225,0.0,0.0,0.0,0.0,0.07500000000000001,0.0,0.0,0.0,0.0,0.0,0.0,0.0,0.0,0.0,0.0,0.0,0.0,0.0,0.0,0.0
2026,0.0,0.0,0.0,0.0,0.025,0.0,0.07500000000000001,0.0,0.0,0.225,0.2,0.0,0.0,0.0,0.07500000000000001,0.0,0.0,0.125,0.0,0.05,0.0,0.2,0.0,0.0,0.0,0.025,0.0,0.0,0.0,0.0
2027,0.0,0.25,0.0,0.0,0.025,0.0,0.07500000000000001,0.105,0.3,0.225,0.2,0.0,0.115,0.2,0.07500000000000001,0.0,0.0,0.125,0.0,0.05,0.0,0.2,0.05,0.0,0.0,0.025,0.0,0.225,0.0,0.0
2028,0.0,0.25,0.0,0.0,0.05,0.04000000000000001,0.07500000000000001,0.105,0.3,0.225,0.2,0.07500000000000001,0.115,0.2,0.25,0.0,0.0,0.125,0.0,0.15,0.0,0.2,0.05,0.25,0.0,0.025,0.0,0.225,0.0,0.0
2029,0.0,0.25,0.125,0.05,0.05,0.04000000000000001,0.07500000000000001,0.105,0.3,0.225,0.2,0.07500000000000001,0.115,0.2,0.25,0.0,0.2,0.125,0.07500000000000001,0.15,0.0,0.2,0.05,0.25,0.0,0.025,0.135,0.225,0.07500000000000001,0.0
2030,0.25,0.25,0.125,0.05,0.05,0.04000000000000001,0.4,0.105,0.5,0.5,0.2,0.07500000000000001,0.935,0.5,0.25,0.0,0.2,0.125,0.07500000000000001,0.15,0.1,0.8,0.375,0.25,0.0,0.025,0.135,0.5,0.5,0.0
2031,0.25,0.25,0.625,0.05,0.15,0.04000000000000001,0.4,0.105,0.5,0.5,0.45,0.07500000000000001,0.935,0.5,0.25,0.05,0.2,0.125,0.07500000000000001,0.15,0.1,0.8,0.375,0.25,0.25,0.025,0.135,0.5,0.5,0.0
2032,0.25,0.8500000000000001,0.625,0.05,0.15,0.07500000000000001,0.4,0.35,0.5,0.5,0.45,0.07500000000000001,0.935,0.5,0.25,0.05,0.2,0.125,0.07500000000000001,0.15,0.1,0.8,0.375,0.25,0.25,0.025,0.135,0.5,0.5,0.0
2033,0.25,0.8500000000000001,0.625,0.05,0.15,0.07500000000000001,0.4,0.35,0.5,0.5,0.45,0.25,0.935,0.5,0.25,0.05,0.2,0.125,0.07500000000000001,0.15,0.1,0.8,0.375,1.0,0.25,0.025,0.135,0.5,0.5,0.0
2034,0.25,0.8500000000000001,0.625,0.1,0.15,0.07500000000000001,0.4,0.35,0.5,0.5,0.45,0.25,0.935,0.8,0.25,0.05,0.3,0.125,0.25,0.15,0.1,0.8,0.375,1.0,0.25,0.025,0.45,0.5,0.5,0.0
2035,0.5,0.8500000000000001,0.625,0.1,0.15,0.07500000000000001,0.4,0.35,0.5,0.5,0.45,0.25,0.935,0.8,0.25,0.3,0.3,0.125,0.25,0.15,0.25,0.8,0.375,1.0,0.25,0.025,0.45,0.75,0.5,0.0
2036,0.5,0.8500000000000001,0.625,0.1,0.15,0.07500000000000001,0.4,0.35,0.5,0.5,0.45,0.25,0.935,0.8,0.25,0.3,0.3,0.125,0.25,0.15,0.25,0.8,0.375,1.0,1.25,0.025,0.45,0.75,0.5,0.0
2037,0.5,0.8500000000000001,0.625,0.1,0.15,0.07500000000000001,0.4,0.35,0.5,0.5,0.45,0.25,0.935,0.8,0.25,0.3,0.3,0.125,0.25,0.15,0.25,0.8,0.375,1.0,1.25,0.025,0.45,0.75,0.5,0.0
2038,0.5,0.8500000000000001,0.625,0.1,0.15,0.07500000000000001,0.4,0.35,0.5,0.5,0.45,0.25,0.935,0.8,0.25,0.3,0.3,0.125,0.25,0.15,0.25,0.8,0.375,1.0,1.25,0.025,0.45,0.75,0.5,0.0
2039,0.5,0.8500000000000001,0.625,0.1,0.15,0.07500000000000001,0.4,0.35,0.5,0.5,0.45,0.25,0.935,1.15,0.25,0.3,0.3,0.125,0.25,0.15,0.25,0.8,0.375,1.0,1.25,0.025,0.45,0.75,0.5,0.0
2040,0.5,0.8500000000000001,0.625,0.1,0.15,0.07500000000000001,0.4,0.35,0.5,0.5,0.45,0.25,0.935,1.15,0.25,0.3,0.3,0.125,0.25,0.15,0.25,0.8,0.375,1.0,1.25,0.025,0.45,0.75,2.0,0.1
2041,0.5,0.8500000000000001,0.625,0.1,0.15,0.07500000000000001,0.4,0.35,0.5,0.5,0.45,0.25,0.935,1.15,0.25,0.3,0.3,0.125,0.25,0.15,0.25,0.8,0.375,1.0,1.25,0.025,0.45,0.75,2.0,0.39
2042,0.5,0.8500000000000001,0.625,0.1,0.15,0.07500000000000001,0.4,0.35,0.5,0.5,0.45,0.25,0.935,1.15,0.25,0.3,0.3,0.125,0.25,0.15,0.25,0.8,0.375,1.0,1.25,0.025,0.45,0.75,2.0,0.6799999999999999
2043,0.5,0.8500000000000001,0.625,0.1,0.15,0.07500000000000001,0.4,0.35,0.5,0.5,0.45,0.25,0.935,1.15,0.25,0.3,0.3,0.125,0.25,0.15,0.25,0.8,0.375,1.0,1.25,0.025,0.45,0.75,2.0,0.9699999999999999
2044,0.5,0.8500000000000001,0.625,0.1,0.15,0.07500000000000001,0.4,0.35,0.5,0.5,0.45,0.25,0.935,1.15,0.25,0.3,0.3,0.125,0.25,0.15,0.25,0.8,0.375,1.0,1.25,0.025,0.45,0.75,2.0,1.26
2045,0.5,0.8500000000000001,0.625,0.1,0.15,0.07500000000000001,0.4,0.35,0.5,0.5,0.45,0.25,0.935,1.15,0.25,0.3,0.3,0.125,0.25,0.15,0.25,0.8,0.375,1.0,1.25,0.025,0.45,0.75,2.0,1.55
2046,0.5,0.8500000000000001,0.625,0.1,0.15,0.07500000000000001,0.4,0.35,0.5,0.5,0.45,0.25,0.935,1.15,0.25,0.3,0.3,0.125,0.25,0.15,0.25,0.8,0.375,1.0,1.25,0.025,0.45,0.75,2.0,1.84
2047,0.5,0.8500000000000001,0.625,0.1,0.15,0.07500000000000001,0.4,0.35,0.5,0.5,0.45,0.25,0.935,1.15,0.25,0.3,0.3,0.125,0.25,0.15,0.25,0.8,0.375,1.0,1.25,0.025,0.45,0.75,2.0,2.13
2048,0.5,0.8500000000000001,0.625,0.1,0.15,0.07500000000000001,0.4,0.35,0.5,0.5,0.45,0.25,0.935,1.15,0.25,0.3,0.3,0.125,0.25,0.15,0.25,0.8,0.375,1.0,1.25,0.025,0.45,0.75,2.0,2.42
2049,0.5,0.8500000000000001,0.625,0.1,0.15,0.07500000000000001,0.4,0.35,0.5,0.5,0.45,0.25,0.935,1.15,0.25,0.3,0.3,0.125,0.25,0.15,0.25,0.8,0.375,1.0,1.25,0.025,0.45,0.75,2.0,2.71
2050,0.5,0.8500000000000001,0.625,0.1,0.15,0.07500000000000001,0.4,0.35,0.5,0.5,0.45,0.25,0.935,1.15,0.25,0.3,0.3,0.125,0.25,0.15,0.25,0.8,0.375,1.0,1.25,0.025,0.45,0.75,2.0,3.0
2051,0.5,0.8500000000000001,0.625,0.1,0.15,0.07500000000000001,0.4,0.35,0.5,0.5,0.45,0.25,0.935,1.15,0.25,0.3,0.3,0.125,0.25,0.15,0.25,0.8,0.375,1.0,1.25,0.025,0.45,0.75,2.0,3.0
2052,0.5,0.8500000000000001,0.625,0.1,0.15,0.07500000000000001,0.4,0.35,0.5,0.5,0.45,0.25,0.935,1.15,0.25,0.3,0.3,0.125,0.25,0.15,0.25,0.8,0.375,1.0,1.25,0.025,0.45,0.75,2.0,3.0
2053,0.5,0.8500000000000001,0.625,0.1,0.15,0.07500000000000001,0.4,0.35,0.5,0.5,0.45,0.25,0.935,1.15,0.25,0.3,0.3,0.125,0.25,0.15,0.25,0.8,0.375,1.0,1.25,0.025,0.45,0.75,2.0,3.0
2054,0.5,0.8500000000000001,0.625,0.1,0.15,0.07500000000000001,0.4,0.35,0.5,0.5,0.45,0.25,0.935,1.15,0.25,0.3,0.3,0.125,0.25,0.15,0.25,0.8,0.375,1.0,1.25,0.025,0.45,0.75,2.0,3.0
2055,0.5,0.8500000000000001,0.625,0.1,0.15,0.07500000000000001,0.4,0.35,0.5,0.5,0.45,0.25,0.935,1.15,0.25,0.3,0.3,0.125,0.25,0.15,0.25,0.8,0.375,1.0,1.25,0.025,0.45,0.75,2.0,3.0
2056,0.5,0.8500000000000001,0.625,0.1,0.15,0.07500000000000001,0.4,0.35,0.5,0.5,0.45,0.25,0.935,1.15,0.25,0.3,0.3,0.125,0.25,0.15,0.25,0.8,0.375,1.0,1.25,0.025,0.45,0.75,2.0,3.0
2057,0.5,0.8500000000000001,0.625,0.1,0.15,0.07500000000000001,0.4,0.35,0.5,0.5,0.45,0.25,0.935,1.15,0.25,0.3,0.3,0.125,0.25,0.15,0.25,0.8,0.375,1.0,1.25,0.025,0.45,0.75,2.0,3.0
2058,0.5,0.8500000000000001,0.625,0.1,0.15,0.07500000000000001,0.4,0.35,0.5,0.5,0.45,0.25,0.935,1.15,0.25,0.3,0.3,0.125,0.25,0.15,0.25,0.8,0.375,1.0,1.25,0.025,0.45,0.75,2.0,3.0
2059,0.5,0.8500000000000001,0.625,0.1,0.15,0.07500000000000001,0.4,0.35,0.5,0.5,0.45,0.25,0.935,1.15,0.25,0.3,0.3,0.125,0.25,0.15,0.25,0.8,0.375,1.0,1.25,0.025,0.45,0.75,2.0,3.0
2060,0.5,0.8500000000000001,0.625,0.1,0.15,0.07500000000000001,0.4,0.35,0.5,0.5,0.45,0.25,0.935,1.15,0.25,0.3,0.3,0.125,0.25,0.15,0.25,0.8,0.375,1.0,1.25,0.025,0.45,0.75,2.0,3.0
